decile,n,churn_rate,avg_score
9,1500,0.7846666666666666,0.78623104
8,1500,0.6793333333333333,0.68059576
7,1500,0.5933333333333334,0.62211585
6,1500,0.564,0.57346064
5,1500,0.5526666666666666,0.5290552
4,1500,0.4646666666666667,0.48418933
3,1500,0.42533333333333334,0.43653777
2,1500,0.38466666666666666,0.37925556
1,1500,0.30866666666666664,0.30656537
0,1500,0.19866666666666666,0.19860244
